MIR,chrom,strand,pre_mir,gene_context,predicted_TSS,Score(eponine;conservation),host_gene_TSS,number_of_DHS,DHS_locus
hsa-mir-642b,chr19,-,46178190-46178266,inter,46180563,0.9954523202952573(1);0.83450382018018(2),,1,;46180760-46180850
hsa-mir-4268,chr2,-,220771223-220771286,inter,220777581,0.7638676778797749(1);0.561679666666667(1),,1,;220777480-220777630
hsa-mir-22,chr17,-,1617197-1617281,inter,1617856,0.727297672164806(1);0.503937(1),,2,;1617980-1618130;1618640-1618730
hsa-mir-4708,chr14,-,65801835-65801901,inter,65878716,0.9917301686247512(6);0.475798090077519(1),,1,;65879240-65879390
hsa-mir-3154,chr9,-,131007226-131007309,inter,131038179,0.9848186704817027(1);0.256531392666667(3),,1,;131038280-131038430
hsa-mir-193b,chr16,+,14397824-14397906,inter,14396880,0.9950333068105995(4);0.34478975637883(2),,1,;14396060-14396190
hsa-mir-4418,chr1,+,22592732-22592793,inter,22379859,0.999622006017107(2);0.239389280569106(1),,1,;22379080-22379210
hsa-mir-4303,chr12,-,98389161-98389226,inter,98791369,0.8516733345467692(2);0.69488189375(2),,1,;98791380-98791530
hsa-mir-4763,chr22,+,46509446-46509537,inter,46477261,0.9764063462123322(1);0(2),,1,;46476560-46476650
hsa-mir-3186,chr17,-,79418130-79418214,inter,79438886,0.9469838099322931(2);0.00765804964285714(1),,1,;79439180-79439310
hsa-mir-4510,chr15,+,36219057-36219124,inter,35838471,0.9997581717208008(1);0.245059371203501(2),,1,;35838140-35838230
hsa-mir-4532,chr20,+,56470450-56470500,inter,56324043,0.9996119584722196(1);0.508472054556962(5),,1,;56323740-56323890
hsa-mir-20a,chr13,+,92003319-92003389,inter,92001409,0.993518685090127(4);0.998541851851852(1),,1,;92001280-92001430
hsa-mir-4703,chr13,+,52126725-52126803,inter,52027515,0.9998635790372832(1);0.504307816288088(4),,1,;52027200-52027350
hsa-mir-5692b,chr21,-,44371038-44371124,inter,44394358,0.9988270169808641(1);0.0703142105607476(2),,2,;44394320-44394450;44394620-44394770
hsa-mir-548o,chr7,-,102046189-102046302,inter,102105197,0.9996539496453989(2);0.277412305347044(1),,1,;102105300-102105450
hsa-mir-18a,chr13,+,92003005-92003075,inter,92001409,0.993518685090127(4);0.998541851851852(1),,1,;92001280-92001430
hsa-mir-4431,chr2,-,52929660-52929753,inter,53994884,0.9966484409323217(1);0.287182864166667(1),,1,;53994820-53994970
hsa-mir-363,chrX,-,133303408-133303482,inter,133507243,0.9998130149480537(1);0.610477284285714(7),,1,;133507200-133507350
hsa-mir-5004,chr6,+,33406108-33406214,inter,33388167,0.946135083051484(1);0.843731153846154(2),,1,;33387820-33387950
hsa-let-7d,chr9,+,96941116-96941202,inter,96929429,0.9957025387448915(2);0.250934513131313(7),,2,;96928300-96928450;96929020-96929150
hsa-mir-4508,chr15,-,23807209-23807278,inter,23810818,0.9143555001861312(1);0.0183727033333333(1),,1,;23810700-23810830
hsa-mir-4522,chr17,-,25620936-25621022,inter,25621388,0.9906357378631118(2);0.287260989642857(1),,1,;25621980-25622110
hsa-mir-197,chr1,+,110141515-110141589,inter,110091645,0.901259766777511(1);0.413688707692308(2),,1,;110091100-110091250
hsa-mir-513c,chrX,-,146271222-146271305,inter,146993425,0.9998545645837243(1);0.630001425903309(2),,1,;146993300-146993450
hsa-mir-4309,chr14,+,103005981-103006063,inter,102991296,0.9526262698746079(2);0.0418343(5),,1,;102991020-102991170
hsa-mir-4734,chr17,-,36858515-36858584,inter,36858696,0.9997927587499216(1);0.790989772151899(2),,1,;36858660-36858750
hsa-mir-99b,chr19,+,52195865-52195934,inter,52194357,0.9698881086982629(1);0.55874016(2),,1,;52194060-52194190
hsa-mir-3148,chr8,-,29814788-29814864,inter,29939856,0.9139668028449541(5);0.00549013321100917(4),,2,;29939880-29940030;29940520-29940670
hsa-mir-19a,chr13,+,92003145-92003226,inter,92001409,0.993518685090127(4);0.998541851851852(1),,1,;92001280-92001430
hsa-mir-4325,chr20,-,55896558-55896647,inter,55926230,0.9933718905510592(5);0.0970593090612245(3),,1,;55926180-55926310
hsa-mir-5693,chr13,-,51922703-51922775,inter,52026798,0.9976056187424528(2);0.952953123434706(2),,1,;52027200-52027350
hsa-mir-548i-3,chr8,-,7946463-7946611,inter,8154064,0.870834896412551(1);0(1),,1,;8153920-8154070
hsa-mir-135a-1,chr3,-,52328235-52328324,inter,52443856,0.9966472019627066(1);0.641190510458716(2),,1,;52444020-52444150
hsa-mir-548h-2,chr16,-,11400297-11400384,inter,11439193,0.994949247859299(2);0.306456684(1),,1,;11439140-11439270
hsa-mir-3150a,chr8,+,96085142-96085221,inter,96037316,0.9993404102914746(2);0.163436817927461(5),,1,;96037100-96037210
hsa-mir-145,chr5,+,148810209-148810296,inter,148794375,0.8617771814733928(1);0(1),,1,;148794060-148794190
hsa-mir-548ae-1,chr2,+,185243702-185243771,inter,183989336,0.9920530849370702(2);0.0139803697959184(1),,1,;183989000-183989130
hsa-mir-513a-1,chrX,-,146294981-146295109,inter,146993425,0.9998545645837243(1);0.630001425903309(2),,1,;146993300-146993450
hsa-mir-514a-3,chrX,-,146366159-146366246,inter,146993425,0.9998545645837243(1);0.630001425903309(2),,1,;146993300-146993450
hsa-mir-507,chrX,-,146312502-146312595,inter,146993425,0.9998545645837243(1);0.630001425903309(2),,1,;146993300-146993450
hsa-mir-1273c,chr6,+,155174494-155174570,inter,155056000,0.8332974015140857(1);0.0051574925(1),,1,;155055260-155055390
hsa-mir-4425,chr1,+,25349994-25350077,inter,25348929,0.9912027037315495(1);0.803149592592593(1),,1,;25348920-25349050
hsa-mir-548ae-2,chr5,-,57825870-57825936,inter,57878812,0.9888365668531411(2);0.401387337142857(9),,1,;57878780-57878910
hsa-mir-3649,chr12,-,1769481-1769546,inter,1770734,0.9774195653865286(7);0.0062506682122905(1),,1,;1771140-1771270
hsa-mir-146a,chr5,+,159912359-159912457,inter,159894837,0.9705167006154548(3);0.814960617307692(1),,1,;159894720-159894830
hsa-mir-20b,chrX,-,133303839-133303907,inter,133507243,0.9998130149480537(1);0.610477284285714(7),,1,;133507200-133507350
hsa-mir-718,chrX,-,153285371-153285440,inter,153362515,0.999752530455325(1);0.578935925340701(1),,2,;153362480-153362610;153363320-153363430
hsa-mir-4447,chr3,-,116569124-116569214,inter,116583181,0.8072943173651128(1);0.996625428571429(1),,1,;116583360-116583470
hsa-mir-3929,chr18,-,33514051-33514105,inter,33552590,0.9988533942509578(1);0.0590985483449883(3),,1,;33552520-33552650
hsa-mir-4737,chr17,-,58120386-58120466,inter,58156061,0.9913995161873612(4);0.954187636363636(1),,1,;58156320-58156430
hsa-mir-219-2,chr9,-,131154897-131154993,inter,131218324,0.9932380380535255(2);0.665397121195652(6),,2,;131218260-131218410;131219160-131219270
hsa-mir-4718,chr16,+,12814178-12814228,inter,12070709,0.9986743595302617(2);0.356817269415205(2),,1,;12070500-12070570
hsa-mir-181c,chr19,+,13985513-13985622,inter,13973029,0.9930616040303594(1);0.00202474685714286(6),,1,;13972760-13972910
hsa-mir-429,chr1,+,1104385-1104467,inter,1093020,0.9898956250106896(2);0.00170772051282051(2),,1,;1092900-1093030
hsa-mir-10a,chr17,-,46657200-46657309,inter,46659551,0.999422962422122(1);0.0944881715606937(7),,1,;46659900-46660030
hsa-mir-509-1,chrX,-,146342050-146342143,inter,146993425,0.9998545645837243(1);0.630001425903309(2),,1,;146993300-146993450
hsa-mir-548i-4,chrX,-,83480760-83480836,inter,83757480,0.8210299225790154(4);0.346456684666667(1),,1,;83757440-83757590
hsa-mir-23a,chr19,-,13947401-13947473,inter,13950027,0.9798595436779092(1);0.999536823529412(1),,2,;13949960-13950090;13950420-13950490
hsa-mir-10b,chr2,+,177015031-177015140,inter,177005438,0.995001703634672(2);0.210154773965517(5),,2,;177004900-177005050;177005340-177005470
hsa-mir-4482-1,chr10,-,106028094-106028163,inter,106028556,0.9930431041773916(2);0.0769868454251012(5),,1,;106028820-106028910
hsa-mir-4419a,chr1,-,23384351-23384427,inter,23494417,0.99708170655909(4);0.657520944329897(1),,2,;23494440-23494570;23495320-23495470
hsa-mir-320c-2,chr18,+,21901650-21901699,inter,21852053,0.9994082246003356(1);0.166212816512668(2),,2,;21851120-21851230;21851580-21851710
hsa-mir-4460,chr5,-,128732755-128732840,inter,129239967,0.9994139254562615(2);0.595600846173914(7),,1,;129240060-129240190
hsa-mir-101-1,chr1,-,65524117-65524191,inter,65533539,0.9896909334602927(1);0.208421779652174(8),,1,;65533480-65533570
hsa-mir-7-3,chr19,+,4770682-4770791,inter,4724619,0.9786042370519065(1);0.200204756805556(3),,2,;4723900-4724030;4724580-4724710
hsa-mir-4275,chr4,+,28821204-28821290,inter,26862968,0.9986683086813742(2);0.302614824104047(1),,1,;26862220-26862350
hsa-mir-572,chr4,+,11370451-11370545,inter,10118637,0.9997230190685621(3);0.774573138576779(1),,1,;10118440-10118570
hsa-mir-4495,chr12,-,98332834-98332899,inter,98791369,0.8516733345467692(2);0.69488189375(2),,1,;98791380-98791530
hsa-mir-3975,chr18,+,33171701-33171770,inter,33077754,0.9947773858042274(4);0.327957526024096(4),,1,;33077580-33077710
hsa-mir-4717,chr16,+,2324621-2324692,inter,2318202,0.9978603430939325(12);0.152367759217274(6),,1,;2318080-2318210
hsa-mir-508,chrX,-,146318431-146318545,inter,146993425,0.9998545645837243(1);0.630001425903309(2),,1,;146993300-146993450
hsa-mir-92a-2,chrX,-,133303568-133303642,inter,133507243,0.9998130149480537(1);0.610477284285714(7),,1,;133507200-133507350
hsa-mir-337,chr14,+,101340830-101340922,inter,101294590,0.9990786761903162(1);0.425105819306358(4),,1,;101294560-101294710
hsa-mir-4272,chr3,+,67275888-67275951,inter,67048737,0.9924034309437245(4);0.985939285714286(1),,1,;67048520-67048670
hsa-mir-3187,chr19,+,813584-813653,inter,798659,0.9982599824723918(1);0.00222769140794224(5),,1,;797800-797910
hsa-mir-1270-1,chr19,-,20510081-20510163,inter,20607084,0.997283428982986(2);0.0196830685(7),,1,;20607720-20607830
hsa-mir-3910-1,chr9,+,94398533-94398643,inter,94186521,0.999920747526124(1);0.338719048170104(1),,2,;94185640-94185730;94186280-94186390
hsa-mir-3912,chr5,-,170813660-170813764,inter,170814561,0.9974280508520417(2);0.261437710258621(3),,2,;170814620-170814770;170815460-170815610
hsa-mir-4693,chr11,+,103720634-103720708,inter,102980512,0.748328837344208(1);0.0104986666666667(2),,1,;102980060-102980190
hsa-mir-1236,chr6,-,31924616-31924717,inter,31926653,0.9968926857257783(1);0.49706112915493(1),,1,;31926800-31926950
hsa-mir-510,chrX,-,146353853-146353926,inter,146993425,0.9998545645837243(1);0.630001425903309(2),,1,;146993300-146993450
hsa-mir-3150b,chr8,-,96085139-96085224,inter,96145906,0.9992491550910314(2);0.312780386175299(1),,1,;96145880-96145950
hsa-mir-1303,chr5,+,154065336-154065421,inter,154062719,0.9818495265174402(4);0.223362383723404(5),,2,;154062120-154062210;154062440-154062550
hsa-mir-514a-1,chrX,-,146360765-146360862,inter,146993425,0.9998545645837243(1);0.630001425903309(2),,1,;146993300-146993450
hsa-mir-4319,chr18,-,42550047-42550131,inter,42596381,0.8675973691357993(1);0(1),,1,;42596680-42596810
hsa-let-7a-3,chr22,+,46508629-46508702,inter,46477261,0.9764063462123322(1);0(2),,1,;46476560-46476650
hsa-mir-4759,chr21,+,28326280-28326362,inter,28218866,0.9764989125828324(1);0.140472404(1),,1,;28218480-28218590
hsa-mir-5684,chr19,+,12897942-12898006,inter,12893598,0.9974153789239386(3);0.4474561(4),,1,;12893320-12893410
hsa-mir-3529,chr15,-,89155078-89155155,inter,89164475,0.9750567254639292(4);0.119703798452381(1),,1,;89164420-89164550
hsa-let-7e,chr19,+,52196039-52196117,inter,52194357,0.9698881086982629(1);0.55874016(2),,1,;52194060-52194190
hsa-mir-5681b,chr8,-,75460785-75460844,inter,77585550,0.8651999798162539(2);0.0261757578378378(1),,1,;77585940-77586070
hsa-mir-4316,chr17,-,75393066-75393136,inter,75417328,0.778825457197378(1);0.00681988125(3),,1,;75417360-75417510
hsa-mir-298,chr20,-,57393281-57393368,inter,57425945,0.9926328135697652(2);0.552292770823529(4),,1,;57425940-57426070
hsa-mir-1281,chr22,+,41488517-41488570,inter,41487884,0.9931792715113392(5);0.842788926324785(4),,1,;41487540-41487670
hsa-mir-4280,chr5,-,86410696-86410771,inter,86563530,0.9949375840679513(4);0.253584283872832(1),,1,;86563540-86563690
hsa-mir-199a-1,chr19,-,10928102-10928172,inter,10945993,0.8565685847202097(4);0.190944875(1),,2,;10946420-10946570;10946840-10946990
hsa-mir-5089,chr17,+,45050383-45050466,inter,45000521,0.9859463931471357(3);0.667428668172043(4),,1,;45000200-45000330
hsa-mir-193a,chr17,+,29887015-29887102,inter,29886641,0.9985366655464616(2);0.212874679064327(1),,1,;29885880-29885990
hsa-mir-17,chr13,+,92002859-92002942,inter,92001409,0.993518685090127(4);0.998541851851852(1),,1,;92001280-92001430
hsa-mir-1468,chrX,-,63005882-63005967,inter,63425172,0.9889533702974579(1);0.2919684856(3),,1,;63425680-63425810
hsa-mir-509-2,chrX,-,146340278-146340368,inter,146993425,0.9998545645837243(1);0.630001425903309(2),,1,;146993300-146993450
hsa-mir-4739,chr17,-,77680985-77681058,inter,77766891,0.9984724557402481(1);0.187476575026455(3),,1,;77767540-77767670
hsa-mir-196a-2,chr12,+,54385522-54385631,inter,54384589,0.9383336980236903(4);0.573521379534884(1),,1,;54384160-54384250
hsa-mir-4679-2,chr10,-,90823092-90823168,inter,90966499,0.9898547815976233(1);0.876378(4),,1,;90967060-90967210
hsa-mir-4513,chr15,-,75081013-75081098,inter,75135322,0.999235467214586(2);0.517118713111111(1),,1,;75135560-75135690
hsa-mir-607,chr10,-,98588426-98588521,inter,98592078,0.9992185140299807(9);0.892300396241611(4),,1,;98592260-98592390
hsa-mir-296,chr20,-,57392670-57392749,inter,57425945,0.9926328135697652(2);0.552292770823529(4),,1,;57425940-57426070
hsa-mir-466,chr3,-,31203196-31203279,inter,31573533,0.9998318193123101(1);0.214773663173516(5),,3,;31573500-31573590;31573960-31574090;31574340-31574450
hsa-mir-196a-1,chr17,-,46709852-46709921,inter,46749217,0.9356178893331039(1);0.450030307692308(3),,2,;46749080-46749230;46749340-46749470
hsa-mir-195,chr17,-,6920934-6921020,inter,6939241,0.9742589279037981(2);0.249606351(1),,1,;6939120-6939250
hsa-mir-548ak,chr10,-,12172759-12172815,inter,12237810,0.9962601521355587(2);0.273864742739726(8),,1,;12237820-12237970
hsa-mir-4757,chr2,+,19548190-19548266,inter,19547891,0.996545151466183(2);0.0181871608986175(19),,1,;19547780-19547930
hsa-mir-4660,chr8,+,8905955-8906028,inter,8860626,0.9987151735333384(2);0.180593080497512(2),,1,;8860260-8860370
hsa-mir-130b,chr22,+,22007593-22007674,inter,22006392,0.995499719820451(4);0.252057993409091(6),,1,;22006300-22006410
hsa-mir-4452,chr4,-,87463635-87463705,inter,87515268,0.8805756256395675(6);0.495406833333333(1),,1,;87515280-87515410
hsa-mir-302b,chr4,-,113569641-113569713,inter,113626880,0.9892701559834468(7);0.367100373905054(2),,1,;113626800-113626910
hsa-mir-4424,chr1,+,178646884-178646969,inter,178512086,0.9918377787679244(3);0.00314922058823529(3),,1,;178511900-178512010
hsa-mir-583,chr5,+,95414842-95414916,inter,95297741,0.9829278882363442(2);0.552377005369128(4),,2,;95297060-95297210;95297660-95297790
hsa-mir-3677,chr16,+,2320714-2320773,inter,2318202,0.9978603430939325(12);0.152367759217274(6),,1,;2318080-2318210
hsa-mir-135b,chr1,-,205417430-205417526,inter,205512593,0.8861566350135883(4);0.366404281333333(1),,1,;205512740-205512890
hsa-mir-3674,chr8,+,1749291-1749358,inter,1712450,0.9875337309365022(3);0.00135022802816901(1),,1,;1711860-1711990
hsa-mir-4712,chr15,+,50652526-50652607,inter,50647063,0.9989921642548977(2);0.964869820512821(1),,1,;50646180-50646310
hsa-mir-4288,chr8,-,28362633-28362699,inter,28479790,0.9984888583426611(1);0.201532302702703(2),,1,;28479900-28480030
hsa-mir-3960,chr9,+,130548112-130548202,inter,130547864,0.9999959570122781(1);0.633756498525897(4),,1,;130547340-130547490
hsa-mir-4322,chr19,+,10341089-10341161,inter,10305818,0.9689985642552499(2);0.141150968187919(2),,1,;10305640-10305770
hsa-mir-324,chr17,-,7126616-7126698,inter,7137514,0.9734058901161378(4);0.772285740875912(1),,1,;7137840-7137950
hsa-mir-5683,chr6,+,6169567-6169642,inter,6009094,0.9979922205265841(2);0.242969428571429(1),,2,;6008140-6008250;6008920-6009050
hsa-mir-4529,chr18,+,53146452-53146529,inter,53090700,0.9609291125355995(2);0.55219713032258(2),,1,;53090600-53090710
hsa-mir-147a,chr9,-,123007257-123007328,inter,123342363,0.9931076483818277(3);0.511542599772727(3),,1,;123342460-123342610
hsa-mir-509-3,chrX,-,146341170-146341244,inter,146993425,0.9998545645837243(1);0.630001425903309(2),,1,;146993300-146993450
hsa-mir-125b-1,chr11,-,121970465-121970552,inter,121971623,0.868858749704242(1);0.457817785714286(1),,1,;121972480-121972610
hsa-mir-3074,chr9,-,97848296-97848376,inter,97855165,0.8306878927325474(1);0(1),,1,;97855160-97855310
hsa-mir-4457,chr5,-,1309425-1309492,inter,1344894,0.9962740533830426(3);0.444734257125(3),,1,;1345160-1345290
hsa-mir-4315-1,chr17,-,43552729-43552801,inter,43567894,0.9971939236322643(1);0.0238640662222222(3),,1,;43568060-43568170
hsa-mir-129-2,chr11,+,43602944-43603033,inter,43598023,0.9238624781391198(1);1(1),,1,;43597200-43597290
hsa-mir-5708,chr8,+,81153624-81153708,inter,80942309,0.9876440036348726(7);0.225659302539682(1),,2,;80941860-80942010;80942180-80942290
hsa-mir-200a,chr1,+,1103243-1103332,inter,1093020,0.9898956250106896(2);0.00170772051282051(2),,1,;1092900-1093030
hsa-mir-18b,chrX,-,133304071-133304141,inter,133507243,0.9998130149480537(1);0.610477284285714(7),,1,;133507200-133507350
hsa-mir-3667,chr22,-,49937041-49937114,inter,50026315,0.9903677309285783(1);0.0509936195238095(3),,1,;50026240-50026390
hsa-mir-4536-1,chrX,-,55477928-55478015,inter,55478359,0.832704710165659(4);0.0927342075555556(2),,1,;55478460-55478610
hsa-mir-4299,chr11,-,11678198-11678269,inter,11863449,0.9993734189026053(1);0.598962071363636(2),,2,;11863420-11863510;11864160-11864290
hsa-mir-194-2,chr11,-,64658827-64658911,inter,64684673,0.9998563076826037(1);0.732764525723473(4),,2,;64684820-64684970;64685620-64685770
hsa-mir-1285-2,chr2,-,70480050-70480137,inter,70484839,0.9130400213845333(1);0.55685028(2),,1,;70485140-70485230
hsa-mir-3914-1,chr7,-,70772658-70772756,inter,71564012,0.8590212607720827(1);0.0596176(1),,2,;71563920-71564030;71564860-71565010
hsa-mir-493,chr14,+,101335397-101335485,inter,101294590,0.9990786761903162(1);0.425105819306358(4),,1,;101294560-101294710
hsa-mir-130a,chr11,+,57408671-57408759,inter,57405885,0.9394568984678696(9);0.392831602207792(2),,1,;57405720-57405870
hsa-mir-1208,chr8,+,129162362-129162434,inter,129121648,0.9337417633706299(1);0.258717871428571(1),,1,;129121340-129121490
hsa-mir-4795,chr3,-,87275339-87275427,inter,87276357,0.994123694694233(6);0.406456699714286(9),,1,;87276340-87276490
hsa-mir-4266,chr2,-,109930027-109930081,inter,109934870,0.9718307132679334(1);0.000224972(3),,2,;109934920-109935050;109935220-109935370
hsa-mir-4521,chr17,+,8090263-8090322,inter,8089748,0.9990776313394887(2);0.430036844954128(3),,1,;8089600-8089690
hsa-mir-3913-1,chr12,-,69978502-69978603,inter,69979100,0.9929631151392888(1);0.1696850505(1),,2,;69979120-69979230;69979620-69979710
hsa-mir-2117,chr17,+,41522174-41522253,inter,41496692,0.7581312713288864(1);0.526110333333333(1),,1,;41496340-41496470
hsa-mir-4634,chr5,+,174178737-174178790,inter,174178489,0.9994398397323669(2);0.701864220384616(8),,1,;174177800-174177950
hsa-mir-4694,chr11,-,19781550-19781629,inter,19798693,0.998119765792984(3);0.167819957131313(5),,1,;19799160-19799290
hsa-mir-4689,chr1,-,5922732-5922801,inter,6051684,0.988402030549313(8);0.00132076184810127(2),,1,;6052560-6052690
hsa-mir-432,chr14,+,101350820-101350913,inter,101294590,0.9990786761903162(1);0.425105819306358(4),,1,;101294560-101294710
hsa-mir-514a-2,chrX,-,146363461-146363548,inter,146993425,0.9998545645837243(1);0.630001425903309(2),,1,;146993300-146993450
hsa-mir-4493,chr11,-,123252148-123252220,inter,123300790,0.7252768917079229(1);0.84252(1),,1,;123300720-123300870
hsa-mir-3185,chr17,-,46801770-46801837,inter,46806106,0.9929739334684333(4);0.976378(1),,1,;46806080-46806150
hsa-mir-4323,chr19,-,42637597-42637665,inter,42721335,0.9981264921060734(3);0.525008323896714(3),,1,;42722020-42722130
hsa-mir-30d,chr8,-,135817119-135817188,inter,135843941,0.9928306251666309(3);0.220034991507936(1),,1,;135844700-135844830
hsa-mir-187,chr18,-,33484781-33484889,inter,33552590,0.9988533942509578(1);0.0590985483449883(3),,1,;33552520-33552650
hsa-mir-4273,chr3,+,75787431-75787514,inter,75721634,0.9989903198351893(2);0.0271314390769231(4),,1,;75721280-75721370
hsa-mir-3913-2,chr12,+,69978503-69978602,inter,69864143,0.9940846558707718(4);0.363036168571429(4),,1,;69864060-69864210
hsa-mir-4727,chr17,+,36982091-36982145,inter,36981613,0.9905363483752246(4);0.15341629827957(3),,1,;36981580-36981690
hsa-mir-433,chr14,+,101348223-101348315,inter,101294590,0.9990786761903162(1);0.425105819306358(4),,1,;101294560-101294710
hsa-mir-1470,chr19,+,15560359-15560419,inter,15543677,0.9998501845376989(1);0.510153980174166(1),,1,;15543600-15543690
hsa-mir-4494,chr12,-,47757969-47758052,inter,48099835,0.9996054759704653(1);0.109941883169521(5),,1,;48099760-48099910
hsa-mir-570,chr3,+,195426272-195426368,inter,195385002,0.9996578636345288(1);0.076567803254717(4),,1,;195384740-195384870
hsa-mir-3676,chr17,+,8090493-8090577,inter,8089748,0.9990776313394887(2);0.430036844954128(3),,1,;8089600-8089690
hsa-mir-548ap,chr15,+,86368866-86368961,inter,86338369,0.9984602586694202(1);0.237665295412844(3),,1,;86338120-86338230
hsa-mir-31,chr9,-,21512114-21512184,inter,21559657,0.9991083428222222(1);0.105667347901235(1),,1,;21559980-21560070
hsa-mir-4271,chr3,+,49311553-49311619,inter,49237128,0.9246277131629043(5);0.0139709889285714(2),,1,;49236760-49236910
hsa-mir-30b,chr8,-,135812763-135812850,inter,135843941,0.9928306251666309(3);0.220034991507936(1),,1,;135844700-135844830
hsa-mir-181d,chr19,+,13985689-13985825,inter,13973029,0.9930616040303594(1);0.00202474685714286(6),,1,;13972760-13972910
hsa-mir-651,chrX,+,8095006-8095102,inter,7895501,0.9993848817849126(1);0.00377084117647059(5),,1,;7895440-7895570
hsa-mir-127,chr14,+,101349316-101349412,inter,101294590,0.9990786761903162(1);0.425105819306358(4),,1,;101294560-101294710
hsa-mir-325,chrX,-,76225829-76225926,inter,77041064,0.9605411619660957(2);0.473003428571429(2),,1,;77041720-77041810
hsa-mir-665,chr14,+,101341370-101341441,inter,101294590,0.9990786761903162(1);0.425105819306358(4),,1,;101294560-101294710
hsa-mir-331,chr12,+,95702196-95702289,inter,95611847,0.9992234373106296(1);0.253350654042553(9),,1,;95611380-95611530
hsa-mir-3910-2,chr9,-,94398546-94398627,inter,94579961,0.8576940423391198(1);0(1),,1,;94580340-94580450
hsa-mir-4523,chr17,+,27717680-27717748,inter,27717308,0.9988308861037144(2);0.894142341495328(5),,1,;27717220-27717370
hsa-mir-1279,chr12,-,69666937-69666998,inter,69753484,0.9997147343449075(1);0.417127856761905(2),,2,;69753460-69753550;69753900-69754050
hsa-mir-3923,chr3,+,79557037-79557119,inter,79068588,0.9729232503305439(2);0.3532234484375(4),,2,;79068040-79068150;79068560-79068690
hsa-mir-320d-2,chrX,-,140008337-140008384,inter,140271035,0.9835169955390629(8);0.48113304974026(1),,1,;140271420-140271550
hsa-mir-5696,chr2,+,101925912-101925996,inter,101925373,0.9984760756276775(1);0.124807308505263(1),,1,;101925120-101925250
hsa-mir-4279,chr5,-,31936208-31936265,inter,32172701,0.9673718827923573(2);0.0032913375(1),,1,;32173400-32173510
hsa-let-7a-2,chr11,-,122017230-122017301,inter,122029861,0.9514538668880596(1);0(2),,1,;122029920-122030050
hsa-mir-200b,chr1,+,1102484-1102578,inter,1093020,0.9898956250106896(2);0.00170772051282051(2),,1,;1092900-1093030
hsa-mir-5700,chr12,+,94955565-94955635,inter,94854058,0.9951712714358323(2);0.117891514814815(5),,1,;94853680-94853830
hsa-mir-4787,chr3,+,50712511-50712594,inter,50654578,0.9963777029836155(5);0.320411923076923(1),,2,;50653480-50653630;50654360-50654490
hsa-mir-548q,chr10,-,12767253-12767352,inter,12887320,0.8041863765761441(1);0.71063025(1),,1,;12887260-12887410
hsa-mir-132,chr17,-,1953202-1953302,inter,1953544,0.9994235898055591(2);0.478502492256098(3),,1,;1953720-1953790
hsa-mir-378f,chr1,+,24255560-24255637,inter,24194895,0.9812624459131511(4);0.126968551666667(1),,1,;24194820-24194910
hsa-mir-4771-1,chr2,+,87421909-87421982,inter,87303846,0.9856336593641711(7);0.396630676744186(1),,1,;87303560-87303710
hsa-mir-4746,chr19,+,4445975-4446045,inter,4402849,0.9998162491330939(1);0.337462126766467(3),,1,;4402340-4402470
hsa-mir-2114,chrX,+,149396239-149396318,inter,149108540,0.9460686342758928(1);0.00156521739130435(6),,2,;149107640-149107790;149108280-149108430
hsa-mir-302d,chr4,-,113569160-113569227,inter,113626880,0.9892701559834468(7);0.367100373905054(2),,1,;113626800-113626910
hsa-mir-4443,chr3,+,48238054-48238106,inter,48230143,0.9979829510480622(1);0.236419820886076(3),,1,;48230000-48230110
hsa-mir-4484,chr10,+,127508309-127508391,inter,127408454,0.9904796687111926(6);0.79630269826087(2),,1,;127408100-127408230
hsa-mir-1302-4,chr2,-,208133999-208134148,inter,208199466,0.8579471794141228(1);0(1),,1,;208199560-208199690
hsa-mir-5589,chr19,+,10149030-10149089,inter,10138444,0.9899172575549322(1);0.283464614117647(1),,1,;10138420-10138570
hsa-mir-4464,chr6,+,91022461-91022552,inter,91006619,0.9998799579769464(2);0.655258457868932(3),,2,;91005840-91005970;91006560-91006630
hsa-mir-875,chr8,-,100549014-100549089,inter,100905870,0.9956816496126529(2);0.116071782639594(11),,1,;100905880-100905970
hsa-mir-3713,chr15,+,76878988-76879032,inter,76629758,0.9683793185132029(1);0.144685006875(2),,1,;76628880-76628990
hsa-mir-3132,chr2,-,220413795-220413869,inter,220417205,0.9994417711649488(3);0.548506203923445(1),,1,;220417360-220417510
hsa-mir-4293,chr10,-,14425199-14425276,inter,14630569,0.7072057236139684(1);0(1),,1,;14630760-14630870
hsa-mir-124-1,chr8,-,9760898-9760982,inter,9911820,0.998987809541776(2);0.0515838758649789(1),,1,;9912140-9912250
hsa-mir-3168,chr13,-,41675155-41675236,inter,41706182,0.9351696658375598(4);0.9889764(2),,1,;41706960-41707090
hsa-mir-302a,chr4,-,113569339-113569407,inter,113626880,0.9892701559834468(7);0.367100373905054(2),,1,;113626800-113626910
hsa-mir-19b-2,chrX,-,133303701-133303796,inter,133507243,0.9998130149480537(1);0.610477284285714(7),,1,;133507200-133507350
hsa-mir-1827,chr12,+,100583662-100583727,inter,100536709,0.9895376311337628(3);0.351001853170732(5),,1,;100536600-100536650
hsa-mir-4682,chr10,+,121718025-121718104,inter,121652211,0.9969052083022623(2);0.604596728324324(10),,1,;121652100-121652250
hsa-mir-4738,chr17,-,73780602-73780688,inter,73781018,0.9991382549567165(2);0.998223548780488(4),,1,;73781120-73781250
hsa-mir-2861,chr9,+,130548197-130548286,inter,130547864,0.9999959570122781(1);0.633756498525897(4),,1,;130547340-130547490
hsa-mir-3671,chr1,-,65523438-65523525,inter,65533539,0.9896909334602927(1);0.208421779652174(8),,1,;65533480-65533570
hsa-mir-513a-2,chrX,-,146307344-146307470,inter,146993425,0.9998545645837243(1);0.630001425903309(2),,1,;146993300-146993450
hsa-mir-4307,chr14,+,27377848-27377931,inter,27067699,0.9944068259442962(2);0.506593294859437(2),,1,;27067640-27067770
hsa-mir-2964a,chr9,+,131154900-131154987,inter,131133636,0.9958335419895751(1);0.602311125454545(2),,2,;131133060-131133170;131133560-131133710
hsa-mir-3924,chr10,-,59064239-59064319,inter,60027184,0.9793998639329113(4);0.497676530655738(5),,1,;60027800-60027930
hsa-mir-3661,chr5,+,133561448-133561543,inter,133561238,0.956079341115506(3);0.319592447647059(2),,1,;133560660-133560810
hsa-mir-3679,chr2,+,134884696-134884763,inter,134878647,0.9848246838434751(7);0.407520510612245(5),,2,;134877500-134877650;134878500-134878630
hsa-mir-3916,chr1,-,247365269-247365362,inter,247373902,0.9977853155922354(1);0.00232025993589744(8),,1,;247374140-247374290
hsa-mir-596,chr8,+,1765397-1765473,inter,1712450,0.9875337309365022(3);0.00135022802816901(1),,1,;1711860-1711990
hsa-let-7i,chr12,+,62997466-62997549,inter,62860832,0.9786884507112499(1);0.248765524067797(2),,1,;62860520-62860650
hsa-mir-4769,chrX,+,47446828-47446904,inter,47441747,0.9037433880261819(3);0.6096587768(1),,1,;47441640-47441770
hsa-mir-557,chr1,+,168344762-168344859,inter,168312053,0.8005529780113495(4);0.024496809(2),,1,;168310960-168311110
hsa-mir-4638,chr5,-,180649566-180649633,inter,180650445,0.9978316137597232(1);0.290165868652483(14),,1,;180650500-180650650
hsa-mir-5197,chr5,+,143059425-143059536,inter,142785006,0.9933643089643535(3);0.696714696551724(2),,2,;142784160-142784310;142784880-142785010
hsa-mir-431,chr14,+,101347344-101347457,inter,101294590,0.9990786761903162(1);0.425105819306358(4),,1,;101294560-101294710
hsa-mir-302c,chr4,-,113569519-113569586,inter,113626880,0.9892701559834468(7);0.367100373905054(2),,1,;113626800-113626910
hsa-mir-3619,chr22,+,46486924-46487006,inter,46477261,0.9764063462123322(1);0(2),,1,;46476560-46476650
hsa-mir-345,chr14,+,100774196-100774293,inter,100773044,0.9997791585478808(2);0.0676244947309834(1),,1,;100772800-100772950
hsa-mir-136,chr14,+,101351039-101351120,inter,101294590,0.9990786761903162(1);0.425105819306358(4),,1,;101294560-101294710
hsa-let-7a-1,chr9,+,96938239-96938318,inter,96929429,0.9957025387448915(2);0.250934513131313(7),,2,;96928300-96928450;96929020-96929150
hsa-mir-4471,chr8,+,101394991-101395073,inter,101322632,0.9995688960982411(1);0.195031032121212(4),,2,;101321580-101321730;101322220-101322350
hsa-let-7b,chr22,+,46509566-46509648,inter,46477261,0.9764063462123322(1);0(2),,1,;46476560-46476650
hsa-mir-3688-2,chr4,+,160049957-160050043,inter,160024620,0.9854859009311212(10);0.254844728668797(2),,1,;160024160-160024290
hsa-mir-4733,chr17,-,29421368-29421443,inter,29421911,0.9994659619625268(1);0.834189827052632(4),,1,;29421820-29421970
hsa-mir-3680-1,chr16,-,21517370-21517456,inter,21530262,0.9335794949968117(2);0.169890944444444(5),,1,;21530640-21530770
hsa-mir-4463,chr6,+,76138123-76138189,inter,75994752,0.9830429440099614(4);0.2893944(4),,1,;75994560-75994710
hsa-mir-4674,chr9,-,139440625-139440711,inter,139441116,0.9980366578369977(1);0.107673936523031(3),,1,;139441820-139441950
hsa-mir-367,chr4,-,113569030-113569097,inter,113626880,0.9892701559834468(7);0.367100373905054(2),,1,;113626800-113626910
hsa-mir-4481,chr10,-,12695137-12695196,inter,12887320,0.8041863765761441(1);0.71063025(1),,1,;12887260-12887410
hsa-mir-4276,chr4,+,175344946-175345015,inter,175205294,0.9930203464423069(1);0.3771968546875(4),,3,;175204320-175204450;175204800-175204930;175205000-175205130
hsa-mir-548z,chr12,-,65016289-65016385,inter,65019479,0.8446747406994188(1);0.001574804(1),,1,;65019600-65019730
hsa-mir-940,chr16,+,2321748-2321841,inter,2318202,0.9978603430939325(12);0.152367759217274(6),,1,;2318080-2318210
hsa-mir-1265,chr10,+,14478575-14478660,inter,14051715,0.9038395900944988(1);0.566929111111111(1),,1,;14051700-14051850
hsa-let-7f-1,chr9,+,96938629-96938715,inter,96929429,0.9957025387448915(2);0.250934513131313(7),,2,;96928300-96928450;96929020-96929150
hsa-mir-513b,chrX,-,146280562-146280645,inter,146993425,0.9998545645837243(1);0.630001425903309(2),,1,;146993300-146993450
hsa-mir-1972-1,chr16,-,15104178-15104254,inter,15149592,0.997044361816414(2);0.171047868923077(3),,1,;15149960-15150110
hsa-mir-5188,chr12,+,125400093-125400205,inter,125399260,0.9996167658045408(4);0.153543271176471(3),,2,;125398600-125398710;125399160-125399290
hsa-mir-548d-2,chr17,-,65467605-65467701,inter,65525268,0.8935978490607577(4);0.258967677777778(1),,1,;65525240-65525350
hsa-mir-4650-2,chr7,+,72162874-72162949,inter,71564016,0.8590212607720827(1);0.0596176(1),,1,;71563920-71564030
hsa-mir-548ad,chr2,+,35696471-35696552,inter,33824614,0.9890003733650695(2);0.296395750117647(5),,2,;33823620-33823750;33824400-33824510
hsa-mir-374c,chrX,+,73438384-73438453,inter,73164420,0.9779328954774186(4);0.05007875(5),,1,;73164040-73164170
hsa-mir-1255b-1,chr4,-,36427988-36428050,inter,37687771,0.998730662663397(3);0.250649420192308(2),,1,;37688140-37688290
hsa-mir-3166,chr11,+,87909670-87909761,inter,87908458,0.9966722258381778(1);0.583450934682081(6),,1,;87907940-87908050
hsa-mir-4531,chr19,-,45156956-45157002,inter,45250944,0.9456855928307057(3);0.01062991225(2),,1,;45251300-45251390
hsa-mir-3190,chr19,+,47730199-47730278,inter,47729873,0.990792194955459(5);0.772850128039216(2),,1,;47729100-47729250
hsa-mir-3678,chr17,+,73402150-73402243,inter,73401279,0.9581801488561947(7);0.477828447368421(2),,1,;73400360-73400490
hsa-mir-497,chr17,-,6921230-6921341,inter,6939241,0.9742589279037981(2);0.249606351(1),,1,;6939120-6939250
hsa-mir-506,chrX,-,146312238-146312361,inter,146993425,0.9998545645837243(1);0.630001425903309(2),,1,;146993300-146993450
hsa-mir-143,chr5,+,148808481-148808586,inter,148794375,0.8617771814733928(1);0(1),,1,;148794060-148794190
hsa-mir-92a-1,chr13,+,92003568-92003645,inter,92001409,0.993518685090127(4);0.998541851851852(1),,1,;92001280-92001430
hsa-mir-302f,chr18,+,27878876-27878926,inter,25758179,0.9972454819742815(4);0.693963333333333(1),,1,;25757140-25757250
hsa-mir-877,chr6,+,30552109-30552194,inter,30539261,0.9933247362225737(6);0.367235376388889(5),,1,;30539060-30539210
hsa-mir-4534,chr22,+,38384801-38384860,inter,38350317,0.9928744882549358(1);0.024278225(3),,1,;38349560-38349710
hsa-mir-320a,chr8,-,22102475-22102556,inter,22102641,0.9973935210286049(2);0.36578678(2),,2,;22102520-22102670;22103540-22103610
hsa-mir-137,chr1,-,98511626-98511727,inter,98514309,0.9366054558389106(1);0.9017716875(2),,1,;98514900-98515050
hsa-mir-3143,chr6,+,27115405-27115467,inter,27115056,0.992856668382516(2);0.97293309375(7),,1,;27114700-27114850
hsa-mir-759,chr13,+,53384185-53384275,inter,53227371,0.9288640636671561(2);0.120142247956989(3),,2,;53226440-53226570;53226880-53226950
hsa-mir-548i-1,chr3,-,125509247-125509395,inter,125634794,0.9749437907561722(10);0.00791406123809524(1),,1,;125634760-125634910
hsa-mir-34a,chr1,-,9211727-9211836,inter,9223872,0.7422924134020672(1);0.00262467333333333(1),,2,;9223780-9223890;9224100-9224250
hsa-mir-4330,chrX,+,150336694-150336798,inter,150151954,0.9998585511585306(2);0.464436428950276(1),,1,;150151660-150151750
hsa-mir-4740,chr17,-,79374516-79374578,inter,79375291,0.9927753419704445(1);0.0348705864285714(1),,1,;79375800-79375930
hsa-mir-760,chr1,+,94312388-94312467,inter,94311957,0.9997524512103221(1);0.0124555296(1),,1,;94311180-94311330
hsa-mir-587,chr6,+,107232000-107232095,inter,107077657,0.9853232332609851(1);0.149110308031496(3),,1,;107077360-107077510
hsa-mir-378b,chr3,+,10371913-10371969,inter,10362835,0.9909377363851337(2);0.298718927147335(1),,1,;10362800-10362910
hsa-mir-378d-2,chr8,-,94928250-94928347,inter,94928954,0.9974139365677837(3);0.469816334444444(1),,2,;94928980-94929110;94929860-94929990
hsa-mir-146b,chr10,+,104196269-104196341,inter,104195531,0.9749756653646475(1);0.759405116666667(2),,1,;104194540-104194590
hsa-mir-3201,chr22,+,48670176-48670227,inter,47724802,0.7697735021042953(1);0(2),,1,;47724800-47724930
hsa-mir-4502,chr13,+,115039303-115039383,inter,115000636,0.999890139853493(1);0.278400970584615(2),,1,;115000280-115000410
hsa-mir-4492,chr11,+,118781417-118781496,inter,118780389,0.7703344175167077(1);0(2),,1,;118780040-118780150
hsa-mir-125a,chr19,+,52196507-52196592,inter,52194357,0.9698881086982629(1);0.55874016(2),,1,;52194060-52194190
hsa-mir-548aa-1,chr8,+,124360274-124360370,inter,124287228,0.9986486582270708(1);0.0666410630894309(3),,2,;124286480-124286530;124286960-124287050
hsa-mir-1295a,chr1,-,171070869-171070947,inter,171454623,0.9351441518369588(2);0.587023256753247(2),,2,;171454540-171454670;171455320-171455470
hsa-mir-599,chr8,-,100548864-100548958,inter,100905870,0.9956816496126529(2);0.116071782639594(11),,1,;100905880-100905970
hsa-mir-4520b,chr17,+,6558768-6558821,inter,6555465,0.9940205895254043(4);0.400912138910891(1),,1,;6554920-6554970
hsa-mir-192,chr11,-,64658609-64658718,inter,64684673,0.9998563076826037(1);0.732764525723473(4),,2,;64684820-64684970;64685620-64685770
hsa-mir-4432,chr2,-,60614497-60614580,inter,60711422,0.7180236408033545(1);0(1),,1,;60711300-60711450
hsa-mir-630,chr15,+,72879558-72879654,inter,72767459,0.996725717838183(3);0.816111507692307(3),,1,;72766580-72766690
hsa-mir-301b,chr22,+,22007270-22007347,inter,22006392,0.995499719820451(4);0.252057993409091(6),,1,;22006300-22006410
hsa-mir-1253,chr17,-,2651372-2651476,inter,2952093,0.9949235069903726(1);0.0917821458333334(7),,1,;2952280-2952410
hsa-mir-451b,chr17,+,27188389-27188456,inter,27182188,0.9783950629706166(4);0.443092367012987(3),,1,;27181920-27182030
hsa-mir-4421,chr1,+,51525509-51525577,inter,51435827,0.9215389273583446(1);0.999437571428571(1),,1,;51435720-51435810
hsa-mir-4679-1,chr10,+,90823093-90823167,inter,90751652,0.9021373521514547(1);0(1),,1,;90751460-90751610
hsa-mir-19b-1,chr13,+,92003446-92003532,inter,92001409,0.993518685090127(4);0.998541851851852(1),,1,;92001280-92001430
hsa-mir-3918,chr6,-,159185693-159185785,inter,159238639,0.9525645604289927(1);0(1),,1,;159239200-159239350
hsa-mir-563,chr3,+,15915278-15915356,inter,15901497,0.9997728718904272(1);0.255826263221477(2),,1,;15901260-15901390
hsa-mir-106a,chrX,-,133304228-133304308,inter,133507243,0.9998130149480537(1);0.610477284285714(7),,1,;133507200-133507350
hsa-mir-1289-1,chr20,-,34041776-34041919,inter,34042476,0.9453540719314374(1);0.0799515933333333(1),,2,;34042600-34042670;34042860-34042970
hsa-mir-3663,chr10,-,118927189-118927285,inter,119133036,0.7942765714016374(1);0(1),,1,;119133400-119133530
hsa-mir-548i-2,chr4,-,9557789-9557937,inter,10020682,0.9821577776192101(2);0.0802584473542601(1),,1,;10020680-10020810
hsa-mir-4516,chr16,+,2183120-2183205,inter,2178697,0.9428619731220966(1);0.00315395655172414(1),,1,;2178480-2178630
hsa-mir-631,chr15,-,75645952-75646026,inter,75660386,0.8804589790183078(3);0.0227184967213115(1),,2,;75660280-75660430;75660920-75661050
hsa-mir-365a,chr16,+,14403142-14403228,inter,14396880,0.9950333068105995(4);0.34478975637883(2),,1,;14396060-14396190
hsa-mir-1324,chr3,+,75679914-75680009,inter,75485255,0.9853297923870058(3);0.0281657110394265(5),,1,;75484380-75484530
hsa-mir-100,chr11,-,122022937-122023016,inter,122029861,0.9514538668880596(1);0(2),,1,;122029920-122030050
hsa-mir-4456,chr5,-,535955-535997,inter,612216,0.9979142236649955(2);0.0610540915789473(2),,1,;612340-612470
hsa-mir-1538,chr16,-,69599711-69599771,inter,69599861,0.997568939867783(3);0.626174757473117(7),,1,;69600740-69600890
hsa-mir-4265,chr2,-,109757946-109758044,inter,109788126,0.9463279071654034(2);0.0217925460869565(1),,2,;109788040-109788170;109788420-109788530
hsa-mir-548aw,chr9,+,135821094-135821158,inter,135820313,0.9998324655311609(1);0.545566595304348(1),,1,;135820020-135820150
hsa-mir-4650-1,chr7,-,66579309-66579384,inter,66767054,0.8358182872845806(1);0.1391555(1),,1,;66767500-66767630
hsa-mir-670,chr11,+,43581206-43581303,inter,43380903,0.9501059575600213(5);0.422103507142857(4),,1,;43380360-43380490
hsa-mir-1299,chr9,-,69002239-69002321,inter,69065139,0.990298702287139(5);0.0284849833333333(6),,1,;69065400-69065550
hsa-mir-4256,chr1,-,113004392-113004455,inter,113008934,0.9597402050511161(3);0.211387015384615(1),,1,;113008840-113008990
hsa-mir-548a-3,chr8,-,105496597-105496693,inter,105601008,0.9867406796174758(5);0.553561609457365(4),,1,;105601500-105601630
hsa-mir-1471,chr2,-,232756952-232757008,inter,232790175,0.9967863598404071(6);0.994750666666667(4),,1,;232790120-232790230
hsa-mir-3911,chr9,-,130452966-130453074,inter,130461745,0.9919872592677152(3);0.016201232(3),,1,;130461700-130461850
hsa-mir-210,chr11,-,568089-568198,inter,568523,0.9999048413864591(1);0.118788189699064(1),,1,;568520-568650
hsa-mir-514b,chrX,-,146331669-146331748,inter,146993425,0.9998545645837243(1);0.630001425903309(2),,1,;146993300-146993450
hsa-mir-4783,chr2,-,128181113-128181194,inter,128283791,0.9966786174488034(1);0.524051536363636(1),,2,;128284060-128284190;128284360-128284510
hsa-mir-3687,chr21,+,9826203-9826263,inter,9826085,0.9997779088597734(2);0.0591773883914728(1),,2,;9825500-9825650;9826000-9826150
hsa-mir-573,chr4,-,24521815-24521913,inter,24586135,0.9999588770392396(1);0.463722080257511(5),,1,;24586240-24586350
hsa-mir-4284,chr7,+,73125647-73125727,inter,73098019,0.994707228286751(1);0.192483437343434(2),,1,;73097780-73097910
hsa-mir-27a,chr19,-,13947254-13947331,inter,13950027,0.9798595436779092(1);0.999536823529412(1),,2,;13949960-13950090;13950420-13950490
hsa-mir-124-3,chr20,+,61809852-61809938,inter,61733902,0.9976643627786854(2);0.181656196513761(3),,1,;61733340-61733350
hsa-mir-3685,chr12,+,95703699-95703760,inter,95611847,0.9992234373106296(1);0.253350654042553(9),,1,;95611380-95611530
hsa-mir-3622b,chr8,-,27559190-27559284,inter,27630099,0.994782676770564(3);0.193392364272997(2),,1,;27630140-27630290
hsa-mir-499b,chr20,-,33578203-33578275,inter,33679777,0.716327908875917(1);0.0314960666666667(1),,1,;33680620-33680750
hsa-mir-92b,chr1,+,155164968-155165063,inter,155164352,0.9882367564731451(2);0.0425197254545455(3),,1,;155163340-155163410
hsa-mir-219-1,chr6,+,33175612-33175721,inter,33172743,0.9820833771877332(2);0.738363442278481(3),,1,;33172300-33172430
hsa-mir-4255,chr1,+,37627164-37627235,inter,36930019,0.9920673202548331(1);0.3513779553125(3),,1,;36929960-36930110
hsa-mir-3149,chr8,-,77879004-77879086,inter,77911471,0.7462437889820192(1);0(1),,1,;77912320-77912470
hsa-mir-505,chrX,-,139006307-139006390,inter,139015015,0.9840354541677074(4);0.119761235322581(6),,2,;139015300-139015390;139015620-139015750
hsa-mir-4663,chr8,-,124228028-124228103,inter,124253411,0.999111479208318(1);0.429440664545454(1),,1,;124253560-124253690
hsa-mir-4466,chr6,-,157100812-157100865,inter,157100952,0.9864110769647841(2);0.1741732568(3),,1,;157101620-157101730
hsa-mir-4437,chr2,-,182170320-182170379,inter,182322012,0.9969410694536232(4);0.238758082148499(1),,1,;182322640-182322710
hsa-mir-5680,chr8,+,103137660-103137743,inter,103136134,0.9996202732841214(1);0.163464572235294(1),,1,;103135720-103135830
hsa-mir-1204,chr8,+,128808208-128808274,inter,128806984,0.9181261990355166(4);0.260636029085272(1),,1,;128806200-128806330
hsa-mir-384,chrX,-,76139698-76139785,inter,77041064,0.9605411619660957(2);0.473003428571429(2),,1,;77041720-77041810
hsa-mir-3142,chr5,+,159901409-159901490,inter,159894837,0.9705167006154548(3);0.814960617307692(1),,1,;159894720-159894830
hsa-mir-4665,chr9,+,6007826-6007904,inter,6007709,0.9857129350617573(3);0.738103424637681(4),,1,;6007000-6007130
hsa-mir-4801,chr4,-,37243532-37243613,inter,37687771,0.998730662663397(3);0.250649420192308(2),,1,;37688140-37688290
hsa-mir-1305,chr4,+,183090446-183090531,inter,183065688,0.9998104557016767(1);0.621517618206278(6),,2,;183065000-183065130;183065240-183065390
hsa-mir-199b,chr9,-,131007000-131007109,inter,131038179,0.9848186704817027(1);0.256531392666667(3),,1,;131038280-131038430
hsa-mir-147b,chr15,+,45725248-45725327,intra,,,45722726,1,;45722560-45722710
hsa-mir-149,chr2,+,241395418-241395506,intra,,,241375114,1,;241374620-241374770
hsa-mir-1234,chr8,-,145625476-145625559,intra,,,145634733,1,;145634700-145634830
hsa-mir-5581,chr1,-,37966536-37966595,intra,,,37980420,2,;37980500-37980570;37980640-37980650
hsa-mir-941-4,chr20,+,62551197-62551313,intra,62526962,0.9998674382227557(1);0.161311131659751(1),,1,;62526340-62526490
hsa-mir-1262,chr1,-,68649201-68649293,intra,68697572,0.999020168206132(2);0.410033879938081(1),,1,;68697480-68697630
hsa-mir-1537,chr1,-,236016300-236016360,intra,,,236030220,1,;236030260-236030390
hsa-mir-3944,chr10,-,135185060-135185167,intra,135186276,0.9675107991427057(2);0.0112975017391304(4),,1,;135186840-135186990
hsa-mir-188,chrX,+,49768109-49768194,intra,,,49687224,1,;49687100-49687170
hsa-mir-1207,chr8,+,129061398-129061484,intra,128938528,0.964661129225748(1);0.1617401375(1),,1,;128938460-128938570
hsa-mir-2277,chr5,-,92956402-92956494,intra,92957253,0.993060008390921(7);0.157692178206278(1),,1,;92958080-92958210
hsa-mir-644a,chr20,+,33054130-33054223,intra,32951646,0.9992778771688945(2);0.370863365053381(4),,1,;32950960-32951110
hsa-mir-425,chr3,-,49057581-49057667,intra,,,49058467,2,;49058960-49059090;49059440-49059570
hsa-mir-33a,chr22,+,42296948-42297016,intra,,,42229105,1,;42228860-42228990
hsa-mir-1228,chr12,+,57588287-57588359,intra,,,57522281,2,;57521640-57521770;57522140-57522250
hsa-mir-3684,chr4,+,99918538-99918611,intra,99917486,0.999529794923438(1);0.0655010754709418(2),,2,;99916480-99916590;99916780-99916930
hsa-mir-5047,chr17,-,62497332-62497431,intra,62501554,0.9982912187713566(1);0.605844962307692(2),,2,;62501580-62501710;62502440-62502530
hsa-mir-4797,chr3,-,197020749-197020819,intra,197024638,0.9981228038635803(2);0.760348719285714(1),,2,;197024960-197025090;197025520-197025630
hsa-mir-5189,chr16,+,88535326-88535439,intra,88522210,0.9994123224069598(3);0.524051141567877(1),,1,;88521480-88521590
hsa-mir-3137,chr3,-,194855235-194855309,intra,194973667,0.8846478959029486(1);0.00284120916666667(1),,1,;194973960-194974090
hsa-mir-4639,chr6,+,16141787-16141855,intra,16129972,0.9760730308428911(6);0.309977095443038(1),,1,;16129160-16129270
hsa-mir-4687,chr11,+,3877292-3877371,intra,,,3876932,1,;3876220-3876330
hsa-mir-3616,chr20,+,45795609-45795700,intra,45583341,0.9015539149490454(1);0(1),,1,;45583140-45583290
hsa-mir-3192,chr20,+,18451259-18451335,intra,,,18448032,1,;18447700-18447810
hsa-mir-4765,chr2,+,32860322-32860398,intra,32853943,0.9430988218960223(1);0.164479111111111(1),,1,;32853040-32853190
hsa-mir-4728,chr17,+,37882748-37882814,intra,37856779,0.9870346273213941(3);0.532404616153846(3),,1,;37856140-37856290
hsa-mir-1271,chr5,+,175794949-175795034,intra,175793174,0.9984576724973918(1);0.202999620952381(3),,2,;175792680-175792810;175793100-175793250
hsa-mir-4714,chr15,+,99327655-99327731,intra,99271012,0.8617467447275079(1);0.548556444444444(1),,1,;99270980-99271110
hsa-mir-26b,chr2,+,219267369-219267445,intra,219265364,0.993427991987265(5);0.172802055796178(7),,1,;219264460-219264550
hsa-mir-449b,chr5,-,54466474-54466570,intra,,,54469005,1,;54469100-54469150
hsa-mir-643,chr19,+,52785050-52785146,intra,52773894,0.7295394958713258(1);0.000496063(1),,1,;52773040-52773170
hsa-mir-553,chr1,+,100746797-100746864,intra,,,100731713,1,;100731660-100731790
hsa-mir-5090,chr7,+,102106189-102106273,intra,,,102105389,1,;102105300-102105450
hsa-mir-4444-1,chr2,+,178077454-178077527,intra,,,178077421,1,;178077160-178077290
hsa-mir-3615,chr17,+,72744752-72744838,intra,,,72744750,1,;72744680-72744790
hsa-mir-629,chr15,-,70371711-70371807,intra,70389723,0.9982645885330206(2);0.687117435930047(3),,1,;70390240-70390370
hsa-mir-4782,chr2,-,114478867-114478945,intra,,,114514400,1,;114514260-114514410
hsa-mir-103a-1,chr5,-,167987901-167987978,intra,,,168006614,1,;168006700-168006850
hsa-mir-590,chr7,+,73605528-73605624,intra,,,73588705,1,;73588540-73588690
hsa-mir-455,chr9,+,116971714-116971809,intra,116919427,0.8550919130560594(2);0.352014823529412(1),,2,;116918740-116918850;116919060-116919210
hsa-mir-5704,chr3,-,131704699-131704775,intra,,,131753844,1,;131753860-131753970
hsa-mir-4461,chr5,+,134263729-134263802,intra,,,134240809,1,;134240340-134240450
hsa-mir-4768,chrX,+,17444004-17444077,intra,,,17393542,1,;17393220-17393330
hsa-mir-3162,chr11,-,59362550-59362631,intra,59382874,0.9979185784081898(2);0.642847396416185(6),,1,;59383540-59383550
hsa-mir-125b-2,chr21,+,17962557-17962645,intra,17960956,0.9496669973559517(4);0.9814961(1),,2,;17960040-17960190;17960860-17960970
hsa-mir-4499,chr13,-,21007917-21007985,intra,,,21100012,1,;21100540-21100670
hsa-mir-660,chrX,+,49777849-49777945,intra,,,49687224,1,;49687100-49687170
hsa-mir-4653,chr7,+,100802754-100802836,intra,100798429,0.9853595667789156(1);0.6656168(1),,1,;100797680-100797790
hsa-mir-3978,chrX,+,109325346-109325446,intra,,,109246341,2,;109245720-109245870;109246180-109246250
hsa-mir-491,chr9,+,20716104-20716187,intra,20684338,0.9862754059524814(4);0.225604050448549(4),,2,;20683440-20683590;20684120-20684270
hsa-let-7g,chr3,-,52302294-52302377,intra,,,52312659,1,;52312680-52312790
hsa-mir-576,chr4,+,110409854-110409951,intra,,,110354970,2,;110353960-110354110;110354880-110355010
hsa-mir-3657,chr12,-,112475403-112475519,intra,,,112546635,1,;112546600-112546710
hsa-mir-3611,chr10,-,35368526-35368608,intra,,,35379311,1,;35379500-35379650
hsa-mir-652,chrX,+,109298557-109298654,intra,,,109246341,2,;109245720-109245870;109246180-109246250
hsa-mir-421,chrX,-,73438212-73438296,intra,73511199,0.977380452657851(2);0.050623679009901(2),,2,;73511880-73511990;73512180-73512230
hsa-mir-3139,chr4,+,144264613-144264688,intra,,,144257982,2,;144257280-144257350;144257940-144258050
hsa-mir-589,chr7,-,5535450-5535548,intra,,,5553399,2,;5553400-5553550;5553880-5554010
hsa-mir-663a,chr20,-,26188822-26188914,intra,26189280,0.998027164589406(3);0.353805795733333(1),,3,;26189300-26189450;26189820-26189970;26189980-26190130
hsa-mir-4257,chr1,+,150524405-150524490,intra,,,150521897,1,;150521140-150521230
hsa-mir-2276,chr13,+,24736555-24736643,intra,,,24734860,1,;24734740-24734870
hsa-mir-4779,chr2,-,86420149-86420231,intra,86422074,0.9895918428549121(2);0.49756280952381(3),,2,;86422100-86422250;86422600-86422750
hsa-mir-574,chr4,+,38869653-38869748,intra,,,38869353,1,;38869220-38869270
hsa-mir-4659a,chr8,+,6602685-6602765,intra,,,6565877,1,;6565740-6565870
hsa-mir-4683,chr10,-,35930100-35930180,intra,,,35930362,1,;35931200-35931330
hsa-mir-449a,chr5,-,54466360-54466450,intra,,,54469005,1,;54469100-54469150
hsa-mir-492,chr12,+,95228174-95228289,intra,,,94853778,1,;94853680-94853830
hsa-mir-3165,chr11,-,71783274-71783348,intra,,,71791573,1,;71791720-71791850
hsa-mir-4690,chr11,+,65403781-65403840,intra,,,65383782,1,;65382960-65382990
hsa-mir-593,chr7,+,127721913-127722012,intra,127672303,0.999809292063283(1);0.504284839943608(1),,1,;127672080-127672230
hsa-mir-5706,chr5,+,118490332-118490411,intra,,,118407083,1,;118406620-118406710
hsa-mir-4673,chr9,-,139414020-139414078,intra,,,139440238,1,;139440660-139440770
hsa-mir-3191,chr19,-,47730201-47730276,intra,47731341,0.9140160202891058(1);0.141994773333333(3),,1,;47731200-47731350
hsa-mir-5096,chr4,+,79741906-79741975,intra,79698243,0.9764438932665455(4);0.481746638181818(1),,1,;79698160-79698270
hsa-mir-3121,chr1,-,180407449-180407525,intra,,,180472022,1,;180471980-180472130
hsa-mir-25,chr7,-,99691183-99691266,intra,,,99698380,1,;99699060-99699210
hsa-mir-4504,chr14,-,50766573-50766664,intra,,,50778947,1,;50778940-50779090
hsa-mir-3175,chr15,+,93447629-93447705,intra,93447508,0.9715909213138106(2);0.999746(2),,1,;93447480-93447570
hsa-mir-4648,chr7,+,2566708-2566779,intra,,,2559478,1,;2559300-2559430
hsa-mir-548d-1,chr8,-,124360274-124360370,intra,124408180,0.9880432944725228(3);0.0913983993248945(3),,1,;124408820-124408870
hsa-mir-5690,chr6,-,35632494-35632566,intra,,,35656692,1,;35656760-35656870
hsa-mir-548ac,chr1,-,117102646-117102733,intra,117113072,0.9987770436101537(2);0.000364392222222222(1),,1,;117113660-117113730
hsa-mir-5191,chr1,+,201688636-201688755,intra,201665986,0.9793535421056339(1);0(1),,1,;201665660-201665790
hsa-mir-4798,chr4,+,7312177-7312251,intra,7252460,0.8996483525614973(1);0.00656167(1),,1,;7252100-7252210
hsa-mir-3158-1,chr10,+,103361174-103361254,intra,,,103348088,1,;103347960-103348110
hsa-mir-4750,chr19,+,50391432-50391487,intra,50381315,0.9867475712649552(1);0.303120839416058(5),,3,;50380260-50380410;50380700-50380830;50381180-50381330
hsa-mir-1280,chr3,+,128081008-128081101,intra,127872829,0.9804703840665264(1);0.000787402(2),,1,;127872720-127872870
hsa-mir-941-3,chr20,+,62551085-62551201,intra,62526962,0.9998674382227557(1);0.161311131659751(1),,1,;62526340-62526490
hsa-mir-93,chr7,-,99691391-99691470,intra,,,99698380,1,;99699060-99699210
hsa-mir-4467,chr7,+,102111916-102111978,intra,,,102105389,1,;102105300-102105450
hsa-mir-3652,chr12,+,104324203-104324333,intra,,,104324111,3,;104323240-104323350;104323500-104323610;104323900-104323990
hsa-mir-770,chr14,+,101318727-101318824,intra,101294590,0.9990786761903162(1);0.425105819306358(4),,1,;101294560-101294710
hsa-mir-1288,chr17,+,16185328-16185402,intra,,,16120508,1,;16120400-16120550
hsa-mir-500b,chrX,+,49775280-49775358,intra,,,49687224,1,;49687100-49687170
hsa-mir-5584,chr1,+,45011165-45011224,intra,,,44870959,1,;44870880-44870970
hsa-mir-1322,chr8,-,10682883-10682953,intra,,,10697299,1,;10697400-10697530
hsa-mir-502,chrX,+,49779206-49779291,intra,,,49687224,1,;49687100-49687170
hsa-mir-4295,chr10,+,114393929-114394013,intra,,,114206755,1,;114206620-114206770
hsa-mir-4453,chr4,+,153457580-153457668,intra,,,153457415,1,;153457260-153457410
hsa-mir-1227,chr19,-,2234061-2234148,intra,2235752,0.9726311264628141(2);0.813228408(1),,2,;2236360-2236470;2236700-2236830
hsa-mir-580,chr5,-,36147994-36148090,intra,,,36152015,1,;36152060-36152170
hsa-mir-4745,chr19,+,804940-805001,intra,798659,0.9982599824723918(1);0.00222769140794224(5),,1,;797800-797910
hsa-mir-3120,chr1,+,172107948-172108028,intra,,,171810620,1,;171810500-171810510
hsa-mir-1183,chr7,+,21510676-21510764,intra,,,21467688,2,;21466900-21467050;21467680-21467830
hsa-mir-3136,chr3,-,69098109-69098186,intra,69100638,0.8564493556090657(6);0.0463691388888889(1),,1,;69101440-69101570
hsa-mir-24-1,chr9,+,97848303-97848370,intra,97818505,0.7664133461825114(1);0.282339585714286(1),,1,;97818300-97818410
hsa-mir-3146,chr7,-,19744981-19745059,intra,,,19748660,1,;19748660-19748810
hsa-mir-624,chr14,-,31483852-31483948,intra,,,31495607,2,;31495680-31495810;31496100-31496250
hsa-mir-4434,chr2,+,64752647-64752699,intra,,,64751438,1,;64751280-64751410
hsa-mir-7-1,chr9,-,86584663-86584772,intra,86594481,0.9985570690051098(1);0.0721298788888889(1),,2,;86594500-86594550;86595140-86595290
hsa-mir-4730,chr17,+,78393218-78393293,intra,78389565,0.9865592977847187(2);0.562110723482587(3),,2,;78388900-78389030;78389160-78389290
hsa-mir-1825,chr20,+,30825598-30825650,intra,,,30795695,1,;30795560-30795690
hsa-mir-3614,chr17,-,54968631-54968716,intra,,,54991409,1,;54991420-54991530
hsa-mir-490,chr7,+,136587914-136588041,intra,,,136553992,1,;136553340-136553450
hsa-mir-548ao,chr8,-,41128567-41128662,intra,,,41166990,1,;41167020-41167130
hsa-mir-4804,chr5,+,72174418-72174490,intra,72144690,0.9990942433174314(1);0.503723058804348(1),,1,;72143880-72143990
hsa-mir-4633,chr5,+,128433381-128433459,intra,,,128430441,1,;128430300-128430390
hsa-mir-548n,chr7,-,34980372-34980446,intra,35031716,0.8477562425286187(1);0(1),,1,;35031620-35031770
hsa-mir-628,chr15,-,55665138-55665232,intra,,,55700574,1,;55700580-55700710
hsa-mir-4781,chr1,+,54519752-54519827,intra,,,54519273,1,;54519020-54519150
hsa-mir-4263,chr2,+,28219234-28219316,intra,,,28113481,1,;28113360-28113470
hsa-mir-1292,chr20,+,2633423-2633488,intra,,,2633177,1,;2633120-2633250
hsa-mir-641,chr19,-,40788450-40788548,intra,40790773,0.9997529521928672(1);0.103812708508772(2),,1,;40791360-40791470
hsa-mir-4423,chr1,+,85599477-85599556,intra,,,85527992,2,;85527400-85527530;85527860-85528010
hsa-mir-1276,chr15,-,86313727-86313809,intra,86337623,0.9917961117710539(1);0.099647(1),,1,;86338120-86338230
hsa-mir-3610,chr8,-,117886967-117887039,intra,,,117887105,1,;117887100-117887210
hsa-mir-23b,chr9,+,97847490-97847586,intra,97818505,0.7664133461825114(1);0.282339585714286(1),,1,;97818300-97818410
hsa-mir-3176,chr16,+,593277-593366,intra,,,577855,1,;577540-577550
hsa-mir-564,chr3,+,44903380-44903473,intra,44903354,0.9968094836404761(1);0.12388090390411(1),,2,;44902960-44903090;44903260-44903390
hsa-mir-3135a,chr3,+,20179057-20179133,intra,20082288,0.9984100632629633(4);0.6906496775(1),,1,;20081480-20081510
hsa-mir-128-1,chr2,+,136422967-136423048,intra,,,136289082,2,;136288420-136288570;136288820-136288970
hsa-mir-5001,chr2,-,233415184-233415283,intra,233415454,0.999135922438611(1);0.173390018267717(1),,1,;233415680-233415810
hsa-mir-4258,chr1,+,154948169-154948259,intra,,,154947117,2,;154946260-154946390;154946940-154947050
hsa-mir-5009,chr15,-,90427163-90427262,intra,90437089,0.9460249206992142(7);0.358290453410405(3),,1,;90437200-90437310
hsa-mir-4681,chr10,+,121137484-121137555,intra,121130668,0.8825242244691507(1);0.007874002(3),,1,;121130040-121130190
hsa-mir-5687,chr5,-,54804678-54804754,intra,,,54830370,1,;54830840-54830990
hsa-mir-1469,chr15,+,96876490-96876536,intra,,,96875793,1,;96874780-96874870
hsa-mir-106b,chr7,-,99691616-99691697,intra,,,99698380,1,;99699060-99699210
hsa-mir-3917,chr1,-,26232853-26232945,intra,,,26232993,1,;26232900-26233050
hsa-mir-3064,chr17,-,62496892-62496957,intra,62501554,0.9982912187713566(1);0.605844962307692(2),,2,;62501580-62501710;62502440-62502530
hsa-mir-4747,chr19,+,4932699-4932752,intra,4911542,0.9831749483405731(1);0.123561470769231(2),,1,;4911140-4911250
hsa-mir-765,chr1,-,156905923-156906036,intra,,,157015162,1,;157015560-157015690
hsa-mir-3181,chr16,+,50776216-50776288,intra,,,50776028,1,;50775760-50775890
hsa-mir-374a,chrX,-,73507121-73507192,intra,73511199,0.977380452657851(2);0.050623679009901(2),,2,;73511880-73511990;73512180-73512230
hsa-mir-1915,chr10,-,21785491-21785570,intra,,,21786213,1,;21786220-21786350
hsa-mir-4723,chr17,+,26687677-26687757,intra,,,26684686,1,;26684560-26684710
hsa-mir-3130-2,chr2,+,207647958-207648032,intra,207630802,0.9385315506244036(1);0.0478497923076923(1),,2,;207629920-207630070;207630220-207630370
hsa-mir-4254,chr1,-,32224261-32224336,intra,32226683,0.9937349277122295(1);0.967191633333333(1),,1,;32227600-32227750
hsa-mir-1909,chr19,-,1816158-1816237,intra,,,1848452,1,;1848680-1848830
hsa-mir-616,chr12,-,57912946-57913042,intra,,,57914300,1,;57914360-57914490
hsa-mir-4799,chr4,+,148703746-148703819,intra,148655200,0.8168077855663329(1);0(1),,1,;148654920-148654990
hsa-mir-15a,chr13,-,50623255-50623337,intra,50655722,0.9852675701540277(4);0.545234305734265(6),,1,;50656180-50656330
hsa-mir-4751,chr19,+,50436321-50436394,intra,50433419,0.975160588261831(2);0.00127000193548387(1),,1,;50433220-50433350
hsa-mir-4775,chr2,+,208619531-208619605,intra,,,208576263,2,;208575540-208575630;208576200-208576310
hsa-mir-1206,chr8,+,129021144-129021202,intra,128938528,0.964661129225748(1);0.1617401375(1),,1,;128938460-128938570
hsa-mir-620,chr12,-,116586365-116586459,intra,116714241,0.9802596919462349(1);0.716333567179487(2),,1,;116714820-116714950
hsa-mir-3155a,chr10,+,6194159-6194240,intra,,,6186842,1,;6186740-6186850
hsa-mir-4517,chr16,+,28969904-28969982,intra,,,28962317,1,;28962060-28962190
hsa-mir-4642,chr6,+,44403378-44403459,intra,44355842,0.9432121283940833(1);0.0527215695652174(1),,1,;44355240-44355390
hsa-mir-4655,chr7,-,1883816-1883889,intra,1961845,0.999016217398619(1);0.000841727516778523(4),,1,;1961980-1962110
hsa-mir-423,chr17,+,28444097-28444190,intra,,,28443824,1,;28443740-28443870
hsa-mir-4800,chr4,-,2251804-2251883,intra,2263129,0.9999433844578985(1);0.686179330804289(3),,1,;2264000-2264130
hsa-mir-609,chr10,-,105978547-105978641,intra,,,105992120,1,;105992120-105992250
hsa-mir-3182,chr16,+,83541951-83542013,intra,83171151,0.9752532990475994(1);0.0548976168421053(2),,1,;83171120-83171230
hsa-mir-3167,chr11,-,126858354-126858438,intra,126860306,0.9428337227884062(2);0.000508(1),,2,;126860360-126860510;126861140-126861230
hsa-mir-3653,chr22,-,29729147-29729256,intra,,,29784572,1,;29784600-29784710
hsa-mir-4749,chr19,+,50357848-50357908,intra,50355085,0.988467194202905(7);0.616360505555555(1),,1,;50354220-50354370
hsa-mir-4427,chr1,+,233759898-233759965,intra,,,233749749,1,;233749180-233749310
hsa-mir-591,chr7,-,95848974-95849068,intra,,,95951459,1,;95951420-95951530
hsa-mir-16-1,chr13,-,50623109-50623197,intra,50655722,0.9852675701540277(4);0.545234305734265(6),,1,;50656180-50656330
hsa-mir-579,chr5,-,32394484-32394581,intra,32444016,0.9963550044670285(1);0.940250235294118(1),,1,;32444780-32444870
hsa-mir-3656,chr11,+,118889654-118889722,intra,,,118889240,1,;118889060-118889190
hsa-mir-24-2,chr19,-,13947101-13947173,intra,13950027,0.9798595436779092(1);0.999536823529412(1),,2,;13949960-13950090;13950420-13950490
hsa-mir-937,chr8,-,144895127-144895212,intra,,,144897549,1,;144897920-144898070
hsa-mir-5094,chr15,-,90393869-90393953,intra,90437089,0.9460249206992142(7);0.358290453410405(3),,1,;90437200-90437310
hsa-mir-4438,chr2,+,214622791-214622883,intra,,,214149102,1,;214148980-214149130
hsa-mir-5006,chr13,-,42142422-42142531,intra,,,42535221,1,;42535240-42535350
hsa-mir-500a,chrX,+,49773039-49773122,intra,,,49687224,1,;49687100-49687170
hsa-mir-548s,chr2,+,11907570-11907651,intra,,,11886721,1,;11886620-11886770
hsa-mir-4744,chr18,-,46576057-46576138,intra,,,46987079,1,;46987060-46987170
hsa-mir-5585,chr1,+,32552550-32552608,intra,,,32538502,2,;32537480-32537610;32538460-32538550
hsa-mir-4479,chr9,+,139781185-139781255,intra,,,139780964,1,;139780760-139780890
hsa-mir-4784,chr2,-,132248733-132248809,intra,,,132250064,1,;132250300-132250430
hsa-mir-3127,chr2,+,97464015-97464090,intra,,,97426638,1,;97426420-97426550
hsa-mir-3115,chr1,+,23370798-23370865,intra,,,23345940,1,;23345800-23345930
hsa-mir-501,chrX,+,49774330-49774413,intra,,,49687224,1,;49687100-49687170
hsa-mir-186,chr1,-,71533314-71533399,intra,71546246,0.9178968130435408(1);0.390326285714286(1),,1,;71546920-71547050
hsa-mir-3164,chr11,+,68850644-68850726,intra,,,68816349,1,;68816240-68816350
hsa-mir-3202-1,chrX,+,153246548-153246628,intra,,,153237990,2,;153237280-153237410;153237580-153237690
hsa-mir-4525,chr17,-,80626109-80626183,intra,,,80656598,1,;80656660-80656790
hsa-mir-5587,chr16,+,585316-585368,intra,,,577855,1,;577540-577550
hsa-mir-3662,chr6,-,135300476-135300570,intra,,,135376036,1,;135375960-135376090
hsa-mir-1244-1,chr2,+,232578024-232578108,intra,232574103,0.9998704957715987(1);0.361070451792296(2),,1,;232573040-232573170
hsa-mir-554,chr1,+,151518272-151518367,intra,,,151512780,2,;151512160-151512290;151512660-151512790
hsa-mir-1237,chr11,+,64136074-64136175,intra,,,64126624,1,;64126480-64126530
hsa-mir-1287,chr10,-,100154975-100155064,intra,,,100174978,1,;100174900-100175050
hsa-mir-4755,chr20,+,32636925-32636996,intra,,,32581457,1,;32581240-32581350
hsa-mir-4651,chr7,+,75544515-75544587,intra,,,75544419,1,;75544300-75544390
hsa-mir-943,chr4,-,1988111-1988204,intra,,,2010962,1,;2010960-2011070
hsa-mir-107,chr10,-,91352504-91352584,intra,,,91403648,1,;91403720-91403850
hsa-mir-4669,chr9,+,137271257-137271318,intra,,,137218315,2,;137217360-137217450;137217880-137218010
hsa-mir-4458,chr5,+,8461038-8461112,intra,,,8457799,1,;8457540-8457690
hsa-mir-711,chr3,-,48616335-48616410,intra,,,48632593,1,;48633060-48633210
hsa-mir-218-2,chr5,-,168195151-168195260,intra,168228813,0.8646668024886616(1);0.248468782222222(2),,1,;168228760-168228870
hsa-mir-1205,chr8,+,128972879-128972941,intra,128938528,0.964661129225748(1);0.1617401375(1),,1,;128938460-128938570
hsa-mir-185,chr22,+,20020662-20020743,intra,,,20008630,1,;20008460-20008610
hsa-mir-548l,chr11,-,94199661-94199746,intra,,,94227040,1,;94226980-94227130
hsa-mir-4658,chr7,-,99754228-99754292,intra,99755775,0.9967415380309944(1);0.8494094625(3),,1,;99756340-99756450
hsa-mir-1285-1,chr7,-,91833329-91833412,intra,,,91875212,1,;91875220-91875350
hsa-mir-544b,chr3,+,124451286-124451363,intra,,,124449212,1,;124449160-124449290
hsa-mir-3177,chr16,+,1784986-1785067,intra,1756827,0.9891131179489258(1);0.0203658741176471(2),,1,;1756100-1756210
hsa-mir-3922,chr12,+,104985411-104985494,intra,104972128,0.7697897049117038(1);0.0155197(1),,1,;104971520-104971590
hsa-mir-1306,chr22,+,20073581-20073665,intra,,,20067754,1,;20067440-20067590
hsa-mir-766,chrX,-,118780701-118780811,intra,118826478,0.995591507040587(3);0.5142257366(11),,1,;118827220-118827310
hsa-mir-4794,chr1,+,65045530-65045606,intra,,,64936475,1,;64935780-64935910
hsa-mir-571,chr4,+,343946-344041,intra,332309,0.979461551790995(1);0.0178687756944444(6),,1,;331380-331510
hsa-mir-4709,chr14,-,74946836-74946907,intra,,,74960084,1,;74960300-74960450
hsa-mir-3909,chr22,+,35731633-35731751,intra,35696436,0.9674717792258105(3);0.0726556961363636(4),,2,;35695740-35695890;35696100-35696230
hsa-mir-636,chr17,-,74732532-74732630,intra,74732920,0.9992808230897043(3);0.720249598591195(3),,2,;74733580-74733730;74733920-74734030
hsa-mir-5187,chr1,+,161196976-161197051,intra,,,161195832,1,;161195520-161195670
hsa-mir-1908,chr11,-,61582633-61582712,intra,61583261,0.9937997302202944(4);0.000405877319587629(1),,1,;61583520-61583670
hsa-mir-708,chr11,-,79113066-79113153,intra,79125930,0.8282495845805117(1);0.8585155(1),,1,;79126140-79126250
hsa-mir-1226,chr3,+,47891045-47891119,intra,47866723,0.9677000666570437(9);0.20556034412766(1),,1,;47866360-47866470
hsa-mir-340,chr5,-,179442303-179442397,intra,,,179499109,1,;179499080-179499210
hsa-mir-2467,chr2,-,240273419-240273499,intra,240322143,0.999681109832878(1);0.41412256277666(1),,1,;240322960-240323090
hsa-mir-1307,chr10,-,105154010-105154158,intra,,,105156270,1,;105156260-105156410
hsa-mir-3692,chr6,+,157950164-157950232,intra,157803103,0.999185166537683(7);0.899443314649681(1),,1,;157802100-157802250
hsa-mir-615,chr12,+,54427734-54427829,intra,,,54426831,1,;54426540-54426630
hsa-mir-1180,chr17,-,19247819-19247887,intra,,,19266046,1,;19265940-19266090
hsa-mir-4722,chr16,-,88782686-88782745,intra,88840493,0.761501076588471(1);0(2),,1,;88840520-88840630
hsa-mir-585,chr5,-,168690605-168690698,intra,168727460,0.969151267453484(3);0.168364977058824(1),,1,;168728140-168728270
hsa-mir-548t,chr4,+,174189311-174189384,intra,174091164,0.999680999106072(1);0.139451548275862(2),,1,;174090980-174091110
hsa-mir-4512,chr15,-,66789296-66789372,intra,,,66790146,1,;66790040-66790190
hsa-mir-4766,chr22,-,41209887-41209962,intra,,,41215392,1,;41215340-41215490
hsa-mir-4999,chr19,-,8454174-8454264,intra,8454880,0.9649010862750848(4);0.350051302608696(4),,2,;8454960-8455090;8455660-8455790
hsa-mir-545,chrX,-,73506939-73507044,intra,73511199,0.977380452657851(2);0.050623679009901(2),,2,;73511880-73511990;73512180-73512230
hsa-mir-148b,chr12,+,54731000-54731098,intra,,,54718910,1,;54718720-54718850
hsa-mir-941-1,chr20,+,62550778-62550894,intra,62526962,0.9998674382227557(1);0.161311131659751(1),,1,;62526340-62526490
hsa-mir-3153,chr9,+,91927140-91927221,intra,,,91926112,1,;91925800-91925950
hsa-mir-449c,chr5,-,54468090-54468181,intra,,,54469005,1,;54469100-54469150
hsa-mir-598,chr8,-,10892716-10892812,intra,10924748,0.7333931821291068(1);0.00274016(1),,1,;10924600-10924750
hsa-mir-1290,chr1,-,19223565-19223642,intra,,,19229293,1,;19229280-19229430
hsa-mir-5697,chr1,+,10027439-10027516,intra,10004228,0.9864868657911225(2);0.02740895875(5),,2,;10003120-10003230;10003400-10003550
hsa-mir-103a-2,chr20,+,3898141-3898218,intra,,,3870462,2,;3869380-3869490;3869820-3869970
hsa-mir-361,chrX,-,85158641-85158712,intra,,,85302566,1,;85302520-85302630
hsa-mir-2116,chr15,-,59463382-59463461,intra,,,59665071,1,;59665060-59665210
hsa-let-7f-2,chrX,-,53584153-53584235,intra,53710404,0.9679946347410133(2);0.019890041509434(2),,1,;53711200-53711310
hsa-mir-339,chr7,-,1062569-1062662,intra,1067660,0.9993345262131436(1);0.00317619804093567(2),,2,;1068040-1068130;1068580-1068710
hsa-mir-3161,chr11,+,48118334-48118410,intra,48086017,0.8355432681986698(1);0.00382677142857143(2),,2,;48085220-48085370;48086000-48086150
hsa-mir-3157,chr10,-,97824072-97824156,intra,,,97849992,1,;97849940-97850090
hsa-mir-619,chr12,-,109230684-109230782,intra,,,109251359,1,;109251460-109251590
hsa-mir-4771-2,chr2,-,112528638-112528711,intra,,,112641741,1,;112641740-112641790
hsa-mir-1270-2,chr19,-,20579240-20579322,intra,20607084,0.997283428982986(2);0.0196830685(7),,1,;20607720-20607830
hsa-mir-1277,chrX,+,117520357-117520434,intra,117480574,0.8749980544519701(5);0.0103487102857143(2),,1,;117479900-117479970
hsa-mir-4721,chr16,-,28855240-28855328,intra,,,28857729,1,;28857680-28857830
hsa-mir-4274,chr4,+,7461755-7461845,intra,7252460,0.8996483525614973(1);0.00656167(1),,1,;7252100-7252210
hsa-mir-939,chr8,-,145619364-145619445,intra,,,145634733,1,;145634700-145634830
hsa-mir-424,chrX,-,133680644-133680741,intra,133685303,0.9538498962492985(4);0.0261313437362637(1),,1,;133685900-133685990
hsa-mir-1178,chr12,-,120151439-120151529,intra,120241366,0.8220816928177465(2);0.864392055555556(2),,2,;120241260-120241390;120242240-120242330
hsa-mir-101-2,chr9,+,4850297-4850375,intra,,,4792833,1,;4792720-4792830
hsa-mir-4449,chr4,+,53578849-53578914,intra,,,53578620,1,;53578460-53578570
hsa-mir-1181,chr19,-,10514134-10514214,intra,,,10514271,1,;10514240-10514390
hsa-mir-1301,chr2,-,25551509-25551590,intra,,,25564784,1,;25565340-25565470
hsa-mir-320b-2,chr1,-,224444706-224444843,intra,,,224517891,1,;224518060-224518170
hsa-mir-3122,chr1,+,212250955-212251027,intra,,,212208918,2,;212208440-212208550;212208880-212209030
hsa-mir-626,chr15,+,41983783-41983876,intra,41954154,0.996535572110067(1);0.548481403428571(7),,1,;41954040-41954170
hsa-mir-3655,chr5,+,140027429-140027511,intra,,,140027383,1,;140027260-140027390
hsa-mir-95,chr4,-,8007028-8007108,intra,,,8160559,1,;8160660-8160790
hsa-mir-648,chr22,-,18463634-18463727,intra,18484262,0.9980277731068852(5);0.327568624047619(3),,1,;18484500-18484650
hsa-mir-532,chrX,+,49767754-49767844,intra,,,49687224,1,;49687100-49687170
hsa-mir-3199-2,chr22,+,28316514-28316599,intra,,,28315363,1,;28315360-28315470
hsa-mir-4315-2,chr17,-,62818148-62818220,intra,,,62833302,1,;62833180-62833330
hsa-mir-199a-2,chr1,-,172113675-172113784,intra,,,172113975,2,;172113960-172114090;172114660-172114750
hsa-mir-4498,chr12,-,120593238-120593303,intra,,,120632513,1,;120632800-120632930
hsa-mir-4677,chr1,+,243509478-243509557,intra,,,243419306,2,;243418640-243418790;243419160-243419310
hsa-mir-4691,chr11,+,67801364-67801448,intra,,,67798083,1,;67797960-67798110
hsa-mir-484,chr16,+,15737151-15737229,intra,,,15737123,1,;15736980-15737130
hsa-mir-555,chr1,-,155316141-155316236,intra,,,155532324,1,;155532720-155532850
hsa-mir-3613,chr13,-,50570551-50570637,intra,50570846,0.9955404630651637(3);0.05394212(3),,2,;50570840-50570970;50571520-50571670
hsa-mir-1249,chr22,-,45596835-45596900,intra,,,45608347,2,;45608260-45608370;45608980-45609090
hsa-mir-603,chr10,+,24564614-24564710,intra,24499390,0.8509908095938035(1);0(1),,1,;24499080-24499230
hsa-mir-548ar,chr13,+,115009980-115010036,intra,,,115000361,1,;115000280-115000410
hsa-mir-4680,chr10,+,112657848-112657913,intra,112632531,0.9913185608978969(5);0.114919607142857(1),,1,;112631480-112631610
hsa-mir-661,chr8,-,145019359-145019447,intra,145020450,0.8364305506109457(1);0.00131233666666667(1),,1,;145020600-145020730
hsa-mir-548o-2,chr20,+,37145206-37145275,intra,,,37101485,1,;37101320-37101470
hsa-mir-27b,chr9,+,97847727-97847823,intra,97818505,0.7664133461825114(1);0.282339585714286(1),,1,;97818300-97818410
hsa-mir-454,chr17,-,57215119-57215233,intra,57232297,0.9798717337224847(4);0.681214802857143(3),,1,;57232820-57232950
hsa-mir-942,chr1,+,117637265-117637350,intra,,,117602948,1,;117602760-117602910
hsa-mir-3138,chr4,-,10080235-10080316,intra,10108111,0.9366813290725988(1);0(1),,1,;10108320-10108470
hsa-mir-362,chrX,+,49773572-49773636,intra,,,49687224,1,;49687100-49687170
hsa-mir-4706,chr14,+,65511406-65511487,intra,,,65453506,1,;65453460-65453610
hsa-mir-4672,chr9,-,130631694-130631774,intra,,,130640022,1,;130639940-130640050
hsa-mir-383,chr8,-,14710947-14711019,intra,,,15095792,1,;15095860-15095970
hsa-mir-3618,chr22,+,20073269-20073356,intra,,,20067754,1,;20067440-20067590
hsa-mir-98,chrX,-,53583184-53583302,intra,53710404,0.9679946347410133(2);0.019890041509434(2),,1,;53711200-53711310
hsa-mir-4731,chr17,-,15154944-15155013,intra,,,15164093,2,;15164180-15164270;15164640-15164750
hsa-mir-374b,chrX,-,73438382-73438453,intra,73511199,0.977380452657851(2);0.050623679009901(2),,2,;73511880-73511990;73512180-73512230
hsa-mir-625,chr14,+,65937820-65937904,intra,,,65879447,2,;65878460-65878610;65879240-65879390
hsa-mir-1273d,chr1,+,10287776-10287861,intra,,,10270763,2,;10269960-10270050;10270420-10270570
hsa-mir-4644,chr6,+,170639849-170639932,intra,,,170615843,1,;170615720-170615850
hsa-mir-4306,chr13,+,100295313-100295403,intra,,,100258918,1,;100258840-100258990
hsa-mir-744,chr17,+,11985216-11985313,intra,11924759,0.9969064198022352(3);0.35448638740113(2),,1,;11924040-11924170
hsa-mir-4480,chr10,+,12620752-12620822,intra,12392527,0.9967321130149639(3);0.177844159211823(8),,1,;12391520-12391670
hsa-mir-1343,chr11,+,34963384-34963467,intra,34938228,0.9836035954028772(2);0.641994733333333(1),,1,;34938020-34938150
hsa-mir-499a,chr20,+,33578179-33578300,intra,,,33543703,1,;33543520-33543670
hsa-mir-3607,chr5,+,85916314-85916392,intra,,,85913783,1,;85913640-85913770
hsa-mir-5579,chr11,-,79133213-79133270,intra,79148522,0.9981786236678454(3);0.0793629581920904(1),,1,;79149120-79149130
hsa-mir-671,chr7,+,150935507-150935624,intra,150930535,0.9898182094673731(1);0.00751610545454545(4),,2,;150929480-150929590;150930300-150930430
hsa-mir-548k,chr11,+,70130061-70130176,intra,,,70116805,1,;70116660-70116810
hsa-mir-301a,chr17,-,57228497-57228582,intra,57232297,0.9798717337224847(4);0.681214802857143(3),,1,;57232820-57232950
hsa-mir-191,chr3,-,49058051-49058142,intra,,,49058467,2,;49058960-49059090;49059440-49059570
